{
    "metrics": {
        "NDCG": {
            "NDCG@1": 0.31554,
            "NDCG@3": 0.39219,
            "NDCG@5": 0.4162,
            "NDCG@10": 0.4401,
            "NDCG@100": 0.48938,
            "NDCG@1000": 0.50796
        },
        "MAP": {
            "MAP@1": 0.31554,
            "MAP@3": 0.37317,
            "MAP@5": 0.38647,
            "MAP@10": 0.3964,
            "MAP@100": 0.4062,
            "MAP@1000": 0.40685
        },
        "Recall": {
            "Recall@1": 0.31554,
            "Recall@3": 0.44728,
            "Recall@5": 0.50571,
            "Recall@10": 0.57928,
            "Recall@100": 0.81355,
            "Recall@1000": 0.96255
        },
        "Precision": {
            "P@1": 0.31554,
            "P@3": 0.14909,
            "P@5": 0.10114,
            "P@10": 0.05793,
            "P@100": 0.00814,
            "P@1000": 0.00096
        }
    }
}