{
    "metrics": {
        "NDCG": {
            "NDCG@1": 0.08333,
            "NDCG@3": 0.12295,
            "NDCG@5": 0.19156,
            "NDCG@10": 0.34464,
            "NDCG@100": 0.39725,
            "NDCG@1000": 0.39725
        },
        "MAP": {
            "MAP@1": 0.08333,
            "MAP@3": 0.11019,
            "MAP@5": 0.14824,
            "MAP@10": 0.21059,
            "MAP@100": 0.22698,
            "MAP@1000": 0.22698
        },
        "Recall": {
            "Recall@1": 0.08333,
            "Recall@3": 0.16111,
            "Recall@5": 0.32778,
            "Recall@10": 0.80556,
            "Recall@100": 1.0,
            "Recall@1000": 1.0
        },
        "Precision": {
            "P@1": 0.08333,
            "P@3": 0.0537,
            "P@5": 0.06556,
            "P@10": 0.08056,
            "P@100": 0.01,
            "P@1000": 0.001
        }
    }
}