{
    "metrics": {
        "NDCG": {
            "NDCG@1": 0.78586,
            "NDCG@3": 0.83416,
            "NDCG@5": 0.84288,
            "NDCG@10": 0.85032,
            "NDCG@100": 0.86342,
            "NDCG@1000": 0.86587
        },
        "MAP": {
            "MAP@1": 0.78586,
            "MAP@3": 0.82272,
            "MAP@5": 0.82758,
            "MAP@10": 0.83073,
            "MAP@100": 0.83354,
            "MAP@1000": 0.83363
        },
        "Recall": {
            "Recall@1": 0.78586,
            "Recall@3": 0.8671,
            "Recall@5": 0.88816,
            "Recall@10": 0.91073,
            "Recall@100": 0.97091,
            "Recall@1000": 0.98997
        },
        "Precision": {
            "P@1": 0.78586,
            "P@3": 0.28903,
            "P@5": 0.17763,
            "P@10": 0.09107,
            "P@100": 0.00971,
            "P@1000": 0.00099
        }
    }
}