{
    "metrics": {
        "NDCG": {
            "NDCG@1": 0.1974,
            "NDCG@3": 0.60672,
            "NDCG@5": 0.6279,
            "NDCG@10": 0.64137,
            "NDCG@100": 0.65087,
            "NDCG@1000": 0.65151
        },
        "MAP": {
            "MAP@1": 0.1974,
            "MAP@3": 0.51758,
            "MAP@5": 0.5294,
            "MAP@10": 0.53505,
            "MAP@100": 0.53717,
            "MAP@1000": 0.5372
        },
        "Recall": {
            "Recall@1": 0.1974,
            "Recall@3": 0.86002,
            "Recall@5": 0.91113,
            "Recall@10": 0.95232,
            "Recall@100": 0.99487,
            "Recall@1000": 0.99983
        },
        "Precision": {
            "P@1": 0.1974,
            "P@3": 0.28667,
            "P@5": 0.18223,
            "P@10": 0.09523,
            "P@100": 0.00995,
            "P@1000": 0.001
        }
    }
}